idemplacementsilo;identifiant;adresse;commune;codefuv;observation_localisante;numerocircuit;gestionnaire;collecteur;datedebutexploitation;datecreation;maj_alphanumerique;maj_geometrie;insee;gid;lon;lat
E740 ;E740 ;124-128 Avenue Pierre Brosselette;Bron;;;Z101.0.OM;Col Est;GPE;2019-12-29;2020-05-22;2020-05-22;;69029;35;4,919584425386949;45,73924146067746
E312;E312;18 Avenue Jean Cagne;Vénissieux;20235;;V101.0.OM;Col Sud;COL VEOLIA;2017-03-20;2017-03-21;2018-04-24;2015-01-22;69259;45;4,87172686089182;45,69597841613841
E297;E297;26 Avenue Jean Cagne;Vénissieux;20235;;V101.0.OM;Col Sud;COL VEOLIA;2017-03-20;2017-03-21;2018-04-24;;69259;88;4,872415372275973;45,69553147096111
E760;E760;2 Rue Pierre Sonnerat;Lyon 8e Arrondissement;28901;;Z101.0.OM;Col Sud;COL GUERIN;2021-12-01;2021-12-06;2021-12-06;;69388;99;4,881396030423475;45,73852168754643
E213;E213;16 Rue du Peronnet;Vernaison;20611;;V101.0.OM;Col Sud;COL VEOLIA;2019-05-02;2019-05-27;2021-06-23;2021-06-23;69260;103;4,814740331052019;45,65196161366608
E505;E505;1 Rue Jean Chirat;Albigny-sur-Saône;00125;;V101.0.OM;Col Nord-Ouest;COL GUERIN;2018-01-15;2018-02-20;2019-02-13;2018-02-20;69003;135;4,832169204104459;45,86516411062889
E191;E191;17 Avenue de Gadagne;Saint-Genis-Laval;15620;;V101.0.OM;Col Sud;COL VEOLIA;2019-02-01;2019-01-28;2019-01-28;;69204;255;4,792304395732331;45,70126685426291
E385;E385;34 Avenue des Sources;Écully;06692;;V101.0.OM;Col Nord-Ouest;COL VEOLIA;2017-03-20;2017-03-21;2018-04-24;;69081;297;4,783343166907025;45,79204594446419
E801;E801;170 Cours Rouget de Lisle;Rillieux-la-Pape;37215;;V101.0.OM;Col Nord-Ouest;COL GUERIN;2023-10-03;2023-11-02;2023-11-02;;69286;4878;4,907239994362837;45,81484646150454
E359;E359;22 Avenue des Sources;Écully;06692;;V101.0.OM;Col Nord-Ouest;COL VEOLIA;2017-03-20;2017-03-21;2022-10-28;;69081;318;4,785424684820217;45,78908175774725
E103;E103;6 Boulevard de Lattre de Tassigny;Rillieux-la-Pape;24883;;V101.0.OM;Col Nord-Ouest;COL VEOLIA;2017-03-20;2017-03-21;2018-04-24;2013-02-22;69286;363;4,904355164986877;45,812403029386374
E654;E654;4 Rue Françoise Giroud;Lyon 9e Arrondissement;35646;;W101.0.OM;Col Nord-Ouest;COL VEOLIA;2017-06-28;2017-07-21;2020-08-20;2020-08-20;69389;401;4,794283331356791;45,78498104848686
E384;E384;34 Avenue des Sources;Écully;06692;;V101.0.OM;Col Nord-Ouest;COL VEOLIA;2017-03-20;2017-03-21;2018-04-24;;69081;437;4,783326193616294;45,792065923143554
E108;E108;1/3 Rue Arthur Rimbaud;Lyon 9e Arrondissement;35276;;W101.0.OM;Col Nord-Ouest;COL VEOLIA;2017-05-22;2009-03-13;2018-04-24;2013-02-22;69389;438;4,793704751739156;45,787712401588216
E528;E528;26 Rue Paul Verlaine;Vénissieux;20502;;V101.0.OM;Col Sud;COL GUERIN;2021-02-15;2021-03-01;2021-03-02;2021-03-02;69259;450;4,856816647741296;45,724649097483436
E517;E517;1 Square Koenig;Rillieux-la-Pape;25247;;V101.0.OM;Col Nord-Ouest;COL VEOLIA;2020-09-01;2020-09-17;2022-10-05;2021-01-14;69286;480;4,904651843401159;45,81543312187927
E761;E761;4 Rue Pierre Sonnerat;Lyon 8e Arrondissement;28901;;Z101.0.OM;Col Sud;COL GUERIN;2017-05-22;2021-12-06;2021-12-06;;69388;549;4,881449792792361;45,738544545529905
E259;E259;6 Avenue de la Division Leclerc;Vénissieux;20227;;V101.0.OM;Col Sud;COL VEOLIA;2017-03-20;2017-03-21;2018-04-24;2012-11-19;69259;551;4,867212955806454;45,69838377285639
E732;E732;110-114 Avenue Pierre Brossolette;Bron;;;Z101.0.OM;Col Est;GPE;2019-12-29;2020-05-22;2020-05-22;;69029;126;4,921178438857408;45,73934201656169
E140;E140;2 Rue Président Edouard Herriot;Vénissieux;20503;;V101.0.OM;Col Sud;COL VEOLIA;2017-03-20;2017-03-21;2018-04-24;;69259;565;4,876851399047585;45,69622923128788
E534;E534;32 Rue Paul Verlaine;Vénissieux;20502;;V101.0.OM;Col Sud;COL GUERIN;2021-02-15;2021-03-01;2021-03-02;2021-03-02;69259;605;4,857341609036033;45,72524346417409
4144;4144;36 Rue Claude Farrère;Saint-Priest;;;V101.0.OM;Col Est;COL VEOLIA;2018-06-01;2018-07-19;2019-03-29;2019-03-29;69290;248;4,955536572367964;45,68834417787999
E138;E138;1 Rue Père Louis De Galard;Lyon 9e Arrondissement;35636;;W101.0.OM;Col Nord-Ouest;COL VEOLIA;2017-05-22;2012-06-06;2018-04-24;2013-02-26;69389;635;4,794608862788475;45,78563443552521
E126;E126;Place du 8 Mai 1945;Neuville-sur-Saône;11319;;V101.0.OM;Col Nord-Ouest;COL VEOLIA;2017-03-20;2017-03-21;2018-04-24;2013-02-26;69143;638;4,840334228280154;45,87724164816413
E282;E282;Rue des Aqueducs;Lyon 5e Arrondissement;;;W101.0.OM;Col Nord-Ouest;COL VEOLIA;2017-05-22;2012-12-06;2018-04-24;2012-12-06;69385;661;4,796588445150712;45,757177108885834
E734;E734;110-118 Avenue Pierre Brossolette;Bron;;;Z101.0.OM;Col Est;GPE;2019-12-29;2020-05-22;2020-05-22;;69029;369;4,92120896366625;45,73932737829633
E131;E131;1 Place Ampère;Neuville-sur-Saône;11316;;V101.0.OM;Col Nord-Ouest;COL VEOLIA;2017-03-20;2017-03-21;2022-10-07;2013-02-26;69143;689;4,838586421018649;45,876539366182584
E378;E378;36 Chemin de Montlouis;Écully;06717;allées 36/38;V101.0.OM;Col Nord-Ouest;COL VEOLIA;2017-03-20;2017-03-21;2018-04-24;;69081;691;4,78366705145898;45,792590371049336
E263;E263;10 Avenue de la Division Leclerc;Vénissieux;20227;;V101.0.OM;Col Sud;COL VEOLIA;2017-03-20;2017-03-21;2018-04-24;;69259;732;4,865777278725024;45,698130729127634
E126B;E126B;Place du 8 Mai 1945;Neuville-sur-Saône;11319;;V101.0.OM;Col Nord-Ouest;COL VEOLIA;2017-03-20;2017-03-21;2018-04-24;2013-02-26;69143;746;4,840336705600623;45,87722250998914
E671;E671;118-120 Rue Léon Blum;Villeurbanne;;interieur batiment;Z101.0.OM;Col Est;GPE;2019-07-01;2019-09-09;2019-09-09;;69266;630;4,901856674181371;45,760203862521266
E301;E301;6 Avenue du 8 Mai 1945;Vénissieux;20232;;V101.0.OM;Col Sud;COL VEOLIA;2017-03-20;2017-03-21;2018-04-24;;69259;832;4,8716523870914905;45,694000117093296
E515;E515;1 Square Koenig;Rillieux-la-Pape;25247;;V101.0.OM;Col Nord-Ouest;COL VEOLIA;2020-09-01;2020-09-17;2022-12-15;2021-01-14;69286;848;4,904751711289711;45,81542651309771
E260;E260;6 Avenue de la Division Leclerc;Vénissieux;;;V101.0.OM;Col Sud;COL VEOLIA;2017-03-20;2017-03-21;2018-04-24;2012-11-19;69259;875;4,867181497675477;45,69836449978113
E233;E233;3 Rue du Peronnet;Vernaison;20611;;V101.0.OM;Col Sud;COL VEOLIA;2019-05-02;2019-05-27;2021-06-23;2021-06-23;69260;915;4,814937110957639;45,652258386043904
E111;E111;2 Rue Edith Piaf;Lyon 9e Arrondissement;35277;;W101.0.OM;Col Nord-Ouest;COL VEOLIA;2017-05-22;2009-10-29;2020-08-20;2020-08-20;69389;917;4,794182849910283;45,788044836234356
E118;E118;Rue de Jéricho coté place Abbé Pierre;Lyon 9e Arrondissement;;;W101.0.OM;Col Nord-Ouest;COL VEOLIA;2017-05-22;2010-05-07;2018-04-24;2013-02-22;69389;920;4,795305278012191;45,785582647909266
E134;E134;5b Place Abbé Pierre;Lyon 9e Arrondissement;35339;;W101.0.OM;Col Nord-Ouest;COL VEOLIA;2017-05-22;2011-05-26;2018-04-24;2014-02-14;69389;987;4,796122933200628;45,786389316000836
E149;E149;2 Rue Georges Charpak;Vénissieux;36068;;V101.0.OM;Col Sud;COL VEOLIA;2017-03-20;2016-07-01;2023-05-23;2023-05-23;69259;1009;4,870473153137957;45,69557609203867
E128C;E128C;8 Rue Pierre Dugelay/face ch de parenty;Neuville-sur-Saône;;;V101.0.OM;Col Nord-Ouest;COL VEOLIA;2017-03-20;2017-03-21;2018-04-24;2013-02-22;69143;1011;4,841991808347658;45,87564616199011
E673;E673;118-120 Rue Léon Blum;Villeurbanne;;interieur batiment;Z101.0.OM;Col Est;GPE;2019-07-01;2019-09-09;2019-09-09;;69266;1609;4,901861846376366;45,76018036067483
E453;E453;253 Rue Clair Logis;Vernaison;20597;;V101.0.OM;Col Sud;COL VEOLIA;2019-05-02;2019-05-27;2021-06-23;2021-06-23;69260;1045;4,8165717604830345;45,65229504234408
E716;E716;7 Rue François Mansart;Saint-Priest;;;V101.0.OM;Col Est;COL GUERIN;2019-09-30;2019-11-08;2019-11-08;;69290;1056;4,947419878368249;45,68990015048152
E638;E638;5 Rue Père Louis De Galard;Lyon 9e Arrondissement;35636;;W101.0.OM;Col Nord-Ouest;COL VEOLIA;2017-05-22;2016-12-16;2020-08-20;2020-08-20;69389;1061;4,7941406970173235;45,78567127944146
E662;E662;Face au180 Rue Yvonne Chanu;Villeurbanne;;interieur batiment;Z101.0.OM;Col Est;GPE;2019-06-01;2019-09-09;2020-06-12;2020-06-12;69266;1915;4,910413909979628;45,752940587710995
E181;E181;3A Rue Roger Salengro;Vénissieux;20517;;V101.0.OM;Col Sud;COL VEOLIA;2018-01-29;2018-02-05;2018-04-24;;69259;1109;4,865804311133733;45,72434805276427
E709;E709;14 Rue François Mansart;Saint-Priest;;;V101.0.OM;Col Est;COL GUERIN;2019-09-30;2019-11-08;2019-11-12;;69290;1178;4,947197610551555;45,689091086712246
E670;E670;118-120 Rue Léon Blum;Villeurbanne;;interieur batiment;Z101.0.OM;Col Est;GPE;2019-07-01;2019-09-09;2019-09-09;;69266;2262;4,901822017989407;45,76020360572032
E296;E296;5 Rue Edith Piaf;Lyon 9e Arrondissement;35277;;W101.0.OM;Col Nord-Ouest;COL VEOLIA;2017-05-22;2013-05-23;2020-08-20;2020-08-20;69389;1189;4,7940635820197;45,78731922789617
E768;E768;42 Avenue du Chater;Francheville;07250;;V101.0.OM;Col Sud;COL GUERIN;2022-04-20;2022-05-12;2022-05-12;;69089;1202;4,771706193103356;45,74388086081242
E706;E706;110 Place Claude Farrère;Saint-Priest;;;V101.0.OM;Col Est;COL GUERIN;2019-09-30;2019-11-07;2019-11-12;;69290;1231;4,948684970694908;45,68910065278123
E189;E189;13 Avenue de Gadagne;Saint-Genis-Laval;15620;;V101.0.OM;Col Sud;COL VEOLIA;2019-02-01;2019-01-28;2019-01-28;;69204;1219;4,793026024804702;45,701479098247795
E462;E462;14 Rue du Peronnet;Vernaison;20611;;V101.0.OM;Col Sud;COL VEOLIA;2019-05-02;2019-05-27;2021-06-23;2021-06-23;69260;1220;4,8156135159014;45,65224571593717
E455;E455;700 Route de Lyon;Vernaison;20596;;V101.0.OM;Col Sud;COL VEOLIA;2019-05-02;2019-05-27;2021-06-23;;69260;1223;4,814168541678615;45,652361533324914
E672;E672;118-120 Rue Léon Blum;Villeurbanne;;interieur batiment;Z101.0.OM;Col Est;GPE;2019-07-01;2019-09-09;2019-09-09;;69266;2600;4,901829492390381;45,76017755608539
E695;E695;Entree Place Claude Farrere;Saint-Priest;;;V101.0.OM;Col Est;COL GUERIN;2019-09-30;2019-11-07;2019-11-12;;69290;1338;4,948647416944199;45,68844995474809
E179;E179;3A Rue Roger Salengro;Vénissieux;20517;;V101.0.OM;Col Sud;COL VEOLIA;2018-01-29;2018-02-05;2018-04-24;2018-02-05;69259;1339;4,865754423399923;45,72433946250194
E700;E700;5 Rue Claude Farrère;Saint-Priest;;;V101.0.OM;Col Est;COL GUERIN;2019-09-30;2019-11-07;2019-11-07;;69290;1353;4,949872114055131;45,68896703952847
E139;E139;2 Rue Président Edouard Herriot;Vénissieux;20503;;V101.0.OM;Col Sud;COL VEOLIA;2017-03-20;2017-03-21;2018-04-24;;69259;1346;4,876866837033043;45,69626038668704
E163;E163;2 Allée Jean Moulin;Givors;35170;;V101.0.OM;Col Sud;COL VEOLIA;2017-03-20;2015-05-13;2018-04-24;;69091;1364;4,764667765450614;45,60643422354447
E465;E465;14 Rue Jacquard;Oullins;11689;;V101.0.OM;Col Sud;COL VEOLIA;2019-07-15;2019-07-15;2022-01-21;;69149;1396;4,81351644232166;45,70972835026831
E526;E526;12 Rue Paul Verlaine;Vénissieux;20502;;V101.0.OM;Col Sud;COL GUERIN;2021-02-15;2021-03-01;2021-03-02;2021-03-02;69259;1411;4,855038392568233;45,72405211609567
E705;E705;110 Place Claude Farrère;Saint-Priest;;;V101.0.OM;Col Est;COL GUERIN;2019-09-30;2019-11-07;2019-11-12;;69290;1444;4,948671767614468;45,689150973663736
E803;E803;105 Cours Rouget de Lisle;Rillieux-la-Pape;37215;;V101.0.OM;Col Nord-Ouest;COL GUERIN;2024-01-01;2024-01-19;2024-01-19;;69286;5048;4,906843508991733;45,81478991321302
E327;E327;116 Avenue Alexander Fleming;Caluire-et-Cuire;02761;;V101.0.OM;Col Nord-Ouest;COL VEOLIA;2017-03-20;2017-03-21;2018-04-24;;69034;1486;4,847730299064927;45,793136348032704
E769;E769;42 Avenue du Chater;Francheville;;;V101.0.OM;Col Sud;COL GUERIN;2022-04-20;2022-05-12;2022-05-12;;69089;1488;4,7700722474982955;45,743565221612826
E698;E698;5 Rue Claude Farrère;Saint-Priest;;;V101.0.OM;Col Est;COL GUERIN;2019-09-30;2019-11-07;2019-11-07;;69290;1500;4,94986489900939;45,68898555960709
E158;E158;4 Allée Jean Moulin;Givors;35170;;V101.0.OM;Col Sud;COL VEOLIA;2017-03-20;2015-05-13;2018-04-24;;69091;1522;4,7646400326373;45,606120183997284
E699;E699;5 Rue Claude Farrere;Saint-Priest;;;V101.0.OM;Col Est;COL GUERIN;2019-09-30;2019-11-07;2019-11-07;;69290;1554;4,950018796604454;45,68902404027702
E326;E326;116 Avenue Alexander Fleming;Caluire-et-Cuire;02761;;V101.0.OM;Col Nord-Ouest;COL VEOLIA;2017-03-20;2017-03-21;2018-04-24;;69034;1547;4,847713296945896;45,793093066617054
E264;E264;10 Avenue de la Division Leclerc;Vénissieux;20227;;V101.0.OM;Col Sud;COL VEOLIA;2017-03-20;2017-03-21;2018-04-24;;69259;1570;4,865747742112889;45,698111322414555
E692;E692;9 Rue Claude Farrère;Saint-Priest;;;V101.0.OM;Col Est;COL GUERIN;2019-09-30;2019-11-07;2019-11-07;;69290;1643;4,950652633534647;45,68834243070428
E130;E130;Face au 11 Quai Pasteur;Neuville-sur-Saône;;face au n 11;V101.0.OM;Col Nord-Ouest;COL VEOLIA;2017-03-20;2017-03-21;2018-04-24;2013-02-22;69143;3907;4,838437594549458;45,87571383485809
E379;E379;36 Chemin de Montlouis;Écully;06717;allées 36/38;V101.0.OM;Col Nord-Ouest;COL VEOLIA;2017-03-20;2017-03-21;2018-04-24;;69081;1622;4,78361807642867;45,79260099434007
E471;E471;3 Rue Roger Fenech;Lyon 9e Arrondissement;36983;;W101.0.OM;Col Nord-Ouest;NICOLLIN;2019-11-08;2019-11-13;2020-08-20;2020-08-20;69389;1673;4,792942239719864;45,78362709670794
E766;E766;42 Avenue du Chater;Francheville;07250;;V101.0.OM;Col Sud;COL GUERIN;2022-04-20;2022-05-12;2022-05-12;;69089;1692;4,771646550684617;45,743876624714524
E335;E335;112 Avenue Alexander Fleming;Caluire-et-Cuire;02761;;V101.0.OM;Col Nord-Ouest;COL VEOLIA;2017-03-20;2017-03-21;2018-04-24;;69034;1724;4,848058300698465;45,793795274673485
E602;E602;Place du Marché;Rillieux-la-Pape;25159;;V101.0.OM;Col Nord-Ouest;COL VEOLIA;2017-03-20;2017-03-21;2018-04-24;;69286;1740;4,897228307523663;45,813387686186054
E737;E737;106-123 Avenue Pierre Brossolette;Bron;;;Z101.0.OM;Col Est;GPE;2019-12-29;2020-05-22;2020-05-22;2020-05-22;69029;1754;4,920097416113034;45,73997234669023
E742;E742;128b-130b Avenue Pierre Brosselette;Bron;;;Z101.0.OM;Col Est;GPE;2019-12-29;2020-05-22;2020-05-22;;69029;1775;4,919881911417636;45,73863742872373
E530;E530;26 Rue Paul Verlaine;Vénissieux;20502;;V101.0.OM;Col Sud;COL GUERIN;2021-02-15;2021-03-01;2021-03-02;2021-03-02;69259;1767;4,856849920301764;45,72467139323185
E675;E675;118-127 Rue Léon Blum;Villeurbanne;;interieur batiment;Z101.0.OM;Col Est;GPE;2019-07-01;2019-09-09;2019-09-09;;69266;4455;4,901870543179219;45,760155127637226
E666;E666;Face au188 Rue Yvonne Chanu;Villeurbanne;;interieur batiment;Z101.0.OM;Col Est;GPE;2019-06-01;2019-09-09;2020-05-12;;69266;4480;4,91033325825508;45,7521910372172
E368;E368;58 Chemin des sources ;Écully;;;V101.0.OM;Col Nord-Ouest;COL VEOLIA;2017-03-20;2017-03-21;2018-04-24;;69081;1788;4,787533694028708;45,79013735616154
E135;E135;10b Place Abbé Pierre;Lyon 9e Arrondissement;35339;;W101.0.OM;Col Nord-Ouest;COL VEOLIA;2017-05-22;2011-05-26;2018-04-24;2014-02-14;69389;1798;4,796458979436336;45,78635833560609
E767;E767;42 Avenue du Chater;Francheville;07250;;V101.0.OM;Col Sud;COL GUERIN;2022-04-20;2022-05-12;2022-05-12;2022-05-12;69089;2022;4,771677595969562;45,74387855134925
E634;E634;2 Rue Alfred de Musset;Villeurbanne;;;Z101.0.OM;Col Est;GPE;2017-05-22;2016-10-10;2018-04-24;;69266;2035;4,914239403495234;45,75640126342302
E646;E646;10 Rue Marcel Cerdan;Lyon 9e Arrondissement;32104;;W101.0.OM;Col Nord-Ouest;COL VEOLIA;2017-05-22;2017-02-07;2020-08-20;2020-08-20;69389;2044;4,793618124849529;45,78842356415205
E165;E165;2 Allée Jean Moulin;Givors;35170;;V101.0.OM;Col Sud;COL VEOLIA;2017-03-20;2015-05-13;2018-04-24;;69091;2062;4,764669526776872;45,606453824535855
E157;E157;4 Allée Jean Moulin;Givors;35170;;V101.0.OM;Col Sud;COL VEOLIA;2017-03-20;2017-06-22;2018-04-24;2015-05-13;69091;2072;4,764640435144167;45,60610953868176
E749;E749;Rue Jacqueline Descout;Lyon 9e Arrondissement;;;W101.0.OM;Col Nord-Ouest;NICOLLIN;2020-06-23;2020-06-24;2020-08-20;2020-08-20;69389;2117;4,792914616159911;45,783010391607014
E338;E338;109 Avenue Alexander Fleming;Caluire-et-Cuire;02761;;V101.0.OM;Col Nord-Ouest;COL VEOLIA;2017-03-20;2017-03-21;2018-04-24;;69034;2118;4,8481483797434;45,79400796942705
E608;E608;9 Rue Père Louis De Galard;Lyon 9e Arrondissement;35636;;W101.0.OM;Col Nord-Ouest;COL VEOLIA;2017-05-22;2015-10-06;2020-08-20;2020-08-20;69389;2157;4,793469748747041;45,785797298007985
E713;E713;7 Rue François Mansart;Saint-Priest;;;V101.0.OM;Col Est;COL GUERIN;2019-09-30;2019-11-08;2019-11-08;;69290;2210;4,947344244870621;45,689900633996416
E770;E770;42 Avenue du Chater;Francheville;;;V101.0.OM;Col Sud;COL GUERIN;2022-04-20;2022-05-12;2022-05-12;;69089;2330;4,7700768189502165;45,74354531525868
E741 ;E741 ;124-128 Avenue Pierre Brosselette;Bron;;;Z101.0.OM;Col Est;GPE;2019-12-29;2020-05-22;2020-05-22;;69029;2368;4,9195897896172385;45,73921753695588
E714;E714;7 Rue François Mansart;Saint-Priest;;;V101.0.OM;Col Est;COL GUERIN;2019-09-30;2019-11-08;2019-11-08;;69290;2382;4,947370344810151;45,689899714151686
E348;E348;3 Rue Arthur Rimbaud;Lyon 9e Arrondissement;35276;;W101.0.OM;Col Nord-Ouest;COL VEOLIA;2017-05-22;2013-09-19;2020-08-20;2020-08-20;69389;2354;4,793670784576002;45,78771472875078
E100;E100;6 Rue de la Saône;Rillieux-la-Pape;32704;;V101.0.OM;Col Nord-Ouest;COL VEOLIA;2017-03-20;2017-03-21;2018-04-24;2013-02-25;69286;2356;4,896236684598783;45,824385741645486
E502;E502;5 Rue Françoise Giroud;Lyon 9e Arrondissement;35646;;W101.0.OM;Col Nord-Ouest;NICOLLIN;2018-07-23;2018-09-14;2020-08-20;2020-08-20;69389;2446;4,793268709199067;45,78507074168127
E691;E691;9 Rue Claude Farrère;Saint-Priest;;;V101.0.OM;Col Est;COL GUERIN;2019-09-30;2019-11-07;2019-11-07;;69290;2485;4,950597508049371;45,68833661675941
E146;E146;12 Rue Gaston Monmousseau;Vénissieux;20432;;V101.0.OM;Col Sud;COL VEOLIA;2017-03-20;2017-03-21;2018-04-24;;69259;2487;4,877944321705445;45,69628071043928
E104;E104;1 Rue Renoir;Rillieux-la-Pape;25190;;V101.0.OM;Col Nord-Ouest;COL VEOLIA;2017-03-20;2017-03-21;2018-04-24;2013-02-26;69286;2494;4,88952722854662;45,811618577658734
E459;E459;11 Rue du Peronnet;Vernaison;20611;;V101.0.OM;Col Sud;COL VEOLIA;2019-05-02;2019-05-27;2021-06-23;2021-06-23;69260;2546;4,813898999702016;45,65200112217575
E305;E305;7 Rue Jorge Semprun;Vénissieux;36069;;V101.0.OM;Col Sud;COL VEOLIA;2017-03-20;2017-03-21;2023-05-23;2023-05-23;69259;2560;4,87016745890126;45,694363680492415
E155;E155;9 Allée Jean Moulin;Givors;35170;;V101.0.OM;Col Sud;COL VEOLIA;2017-03-20;2017-06-22;2023-09-29;2023-09-29;69091;2624;4,764169202165284;45,60509999081025
E771;E771;42 Avenue du Chater;Francheville;;;V101.0.OM;Col Sud;COL GUERIN;2022-04-20;2022-05-12;2022-05-12;;69089;2639;4,770081274769458;45,74352176658365
E352;E352;15 Rue de la République;Couzon-au-Mont-d'Or;05753;;V101.0.OM;Col Nord-Ouest;COL VEOLIA;2017-03-20;2017-03-21;2018-04-24;;69068;2647;4,831496216338494;45,84482732895321
E369;E369;58 Chemin des sources ;Écully;;;V101.0.OM;Col Nord-Ouest;COL VEOLIA;2017-03-20;2017-03-21;2018-04-24;;69081;2671;4,787531355842112;45,790157144388054
4151;4151;36 Rue Claude Farrère;Saint-Priest;;;V101.0.OM;Col Est;COL VEOLIA;2018-06-01;2018-07-20;2019-03-29;2019-03-29;69290;2680;4,955529664083537;45,68839401150675
E535;E535;32 Rue Paul Verlaine;Vénissieux;20502;;V101.0.OM;Col Sud;COL GUERIN;2021-02-15;2021-03-01;2021-03-02;2021-03-02;69259;2703;4,857331888519432;45,72526617769143
E293;E293;8 Avenue Rosa Parks;Lyon 9e Arrondissement;35641;;W101.0.OM;Col Nord-Ouest;COL VEOLIA;2017-05-22;2013-03-14;2020-08-20;2020-08-20;69389;2727;4,794437834046885;45,786519768954136
E261;E261;8 Avenue de la Division Leclerc;Vénissieux;20227;;V101.0.OM;Col Sud;COL VEOLIA;2017-03-20;2017-03-21;2018-04-24;;69259;2784;4,8663151239072;45,69825667759786
E420;E420;7 Place Abbé Pierre;Lyon 9e Arrondissement;35339;;W101.0.OM;Col Nord-Ouest;COL VEOLIA;2017-05-22;2014-11-14;2020-08-20;2020-08-20;69389;2848;4,795643202182103;45,78650367624186
E137;E137;4 Rue Maurice Béjart;Lyon 9e Arrondissement;35645;;W101.0.OM;Col Nord-Ouest;COL VEOLIA;2017-05-22;2012-03-23;2020-08-20;2020-08-20;69389;2919;4,793208439208341;45,78913649430855
E145;E145;12 Rue Gaston Monmousseau;Vénissieux;20432;;V101.0.OM;Col Sud;COL VEOLIA;2017-03-20;2017-03-21;2018-04-24;;69259;2948;4,877866695149012;45,69632711657436
E152;E152;10 Rue Georges Charpak;Vénissieux;36068;;V101.0.OM;Col Sud;COL VEOLIA;2017-03-20;2017-06-22;2023-05-23;2023-05-23;69259;2949;4,872077447919988;45,69455163753126
E330;E330;114 Avenue Alexander Fleming;Caluire-et-Cuire;02761;;V101.0.OM;Col Nord-Ouest;COL VEOLIA;2017-03-20;2017-03-21;2018-04-24;;69034;2959;4,847891645683969;45,79346403920507
E339;E339;109 Avenue Alexander Fleming;Caluire-et-Cuire;02761;;V101.0.OM;Col Nord-Ouest;COL VEOLIA;2017-03-20;2017-03-21;2018-04-24;;69034;2962;4,848131978828308;45,793982827216645
E164;E164;2 Allée Jean Moulin;Givors;35170;;V101.0.OM;Col Sud;COL VEOLIA;2017-03-20;2017-06-22;2018-04-24;;69091;2975;4,7646680940999415;45,606444633384626
E255;E255;4 Avenue de la Division Leclerc;Vénissieux;20227;;V101.0.OM;Col Sud;COL VEOLIA;2017-03-20;2017-03-21;2018-04-24;2012-11-19;69259;2982;4,8662563548469056;45,6990466057631
E652;E652;3 Rue Françoise Giroud;Lyon 9e Arrondissement;35646;;W101.0.OM;Col Nord-Ouest;COL VEOLIA;2017-08-30;2017-07-21;2020-08-20;2020-08-20;69389;2996;4,794031420811697;45,78493108365738
E329;E329;114 Avenue Alexander Fleming;Caluire-et-Cuire;02761;;V101.0.OM;Col Nord-Ouest;COL VEOLIA;2017-03-20;2017-03-21;2018-04-24;;69034;2998;4,84790852771135;45,79350369276413
E603;E603;Place du Marché;Rillieux-la-Pape;25159;;V101.0.OM;Col Nord-Ouest;COL VEOLIA;2017-03-20;2017-03-21;2018-04-24;;69286;3034;4,897220064045307;45,813357548270645
E144;E144;4 Rue Président Edouard Herriot;Vénissieux;20503;;V101.0.OM;Col Sud;COL VEOLIA;2017-03-20;2017-03-21;2018-04-24;;69259;3042;4,876822910250263;45,69599872274393
E701;E701;5 Rue Claude Farrère;Saint-Priest;;;V101.0.OM;Col Est;COL GUERIN;2019-09-30;2019-11-07;2019-11-07;;69290;3109;4,950014896844251;45,68899038567503
E292;E292;8 Avenue Rosa Parks;Lyon 9e Arrondissement;35641;;W101.0.OM;Col Nord-Ouest;COL VEOLIA;2017-05-22;2013-03-14;2020-08-20;2020-08-20;69389;3118;4,794402258735337;45,78652210909916
1056;1056;Rue Hélène Berthaud;Lyon 9e Arrondissement;36984;;W101.0.OM;Col Nord-Ouest;COL GUERIN;2022-05-16;2022-05-16;2022-05-16;;69389;3135;4,793211556915324;45,78432203707196
E605;E605;4 Rue Père Louis De Galard;Lyon 9e Arrondissement;35636;;W101.0.OM;Col Nord-Ouest;COL VEOLIA;2017-05-22;2015-10-06;2020-08-20;2020-08-20;69389;3143;4,794336642742365;45,78572813567635
E733;E733;110-114 Avenue Pierre Brossolette;Bron;;;Z101.0.OM;Col Est;GPE;2019-12-29;2020-05-22;2020-05-22;;69029;3220;4,921192887919974;45,73933362436573
E309;E309;1 Rue Pierre Dupont;Vénissieux;20508;;V101.0.OM;Col Sud;COL VEOLIA;2017-03-20;2017-03-21;2018-04-24;;69259;3201;4,8708464842272186;45,69611184661955
E281;E281;Rue des Aqueducs;Lyon 5e Arrondissement;;;W101.0.OM;Col Nord-Ouest;COL VEOLIA;2017-05-22;2012-12-06;2018-04-24;2012-12-06;69385;3279;4,7965706860351744;45,757191180197346
E466;E466;14 Rue Jacquard;Oullins;11689;;V101.0.OM;Col Sud;COL VEOLIA;2019-07-15;2019-07-15;2019-07-15;;69149;3292;4,813487298738464;45,70972408923738
E180;E180;3A Rue Roger Salengro;Vénissieux;20517;;V101.0.OM;Col Sud;COL VEOLIA;2018-01-29;2018-02-05;2018-04-24;;69259;3317;4,8657793787192665;45,724344119260444
E738;E738;106-123 Avenue Pierre Brossolette;Bron;;;Z101.0.OM;Col Est;GPE;2019-12-29;2020-05-22;2020-05-22;2020-05-22;69029;3328;4,920064019535816;45,739965981987254
E531;E531;26 Rue Paul Verlaine;Vénissieux;20502;;V101.0.OM;Col Sud;COL GUERIN;2021-02-15;2021-03-01;2021-03-02;2021-03-02;69259;3336;4,85680695705541;45,72465858274318
E520;E520;1 Square Koenig;Rillieux-la-Pape;25247;;V101.0.OM;Col Nord-Ouest;COL GUERIN;2020-11-01;2021-01-14;2021-01-14;;69286;3350;4,9047567324195604;45,815411274359384
E178;E178;3A Rue Roger Salengro;Vénissieux;20517;;V101.0.OM;Col Sud;COL VEOLIA;2018-01-29;2018-02-05;2018-04-24;;69259;3359;4,865728482628459;45,724336270059325
E793;E793;Cours Rouget de Lisle;Rillieux-la-Pape;37215;;V101.0.OM;Col Nord-Ouest;COL GUERIN;2023-04-12;2023-04-25;2023-04-25;;69286;3367;4,907477393074904;45,815724073049594
E128;E128;8 Rue Pierre Dugelay/face ch de parenty;Neuville-sur-Saône;;;V101.0.OM;Col Nord-Ouest;COL VEOLIA;2017-03-20;2017-03-21;2018-04-24;2013-02-22;69143;3392;4,841940232100627;45,875600323487845
E150;E150;2 Rue Georges Charpak;Vénissieux;36068;;V101.0.OM;Col Sud;COL VEOLIA;2017-03-20;2016-07-01;2023-05-23;2023-05-23;69259;3412;4,870494700276014;45,69556458143971
E461;E461;14b Rue du Peronnet;Vernaison;20611;;V101.0.OM;Col Sud;COL VEOLIA;2019-05-02;2019-05-27;2021-06-23;2021-06-23;69260;3438;4,814925484516261;45,65224217435075
E322;E322;102 Avenue Alexander Fleming;Caluire-et-Cuire;02761;;V101.0.OM;Col Nord-Ouest;COL VEOLIA;2017-03-20;2017-03-21;2018-08-09;2018-08-09;69034;3472;4,847788808559907;45,79462178164992
E307;E307;5 Rue Pierre Dupont;Vénissieux;20508;;V101.0.OM;Col Sud;COL VEOLIA;2017-03-20;2017-03-21;2018-04-24;;69259;3497;4,869882530165325;45,69537769262147
E219;E219;16 Rue du Peronnet;Vernaison;20611;;V101.0.OM;Col Sud;COL VEOLIA;2019-05-02;2019-05-27;2021-06-23;2021-06-23;69260;3516;4,814763253744006;45,6519723104018
E456;E456;700 Route de Lyon;Vernaison;20596;;V101.0.OM;Col Sud;COL VEOLIA;2019-05-02;2019-05-27;2021-06-23;2021-06-23;69260;3527;4,81417620159079;45,652370529978164
E519;E519;1 Square Koenig;Rillieux-la-Pape;25247;;V101.0.OM;Col Nord-Ouest;COL GUERIN;2020-11-01;2021-01-14;2021-01-14;;69286;3603;4,904667127321645;45,815415186910464
E280;E280;Rue des Aqueducs;Lyon 5e Arrondissement;;;W101.0.OM;Col Nord-Ouest;COL VEOLIA;2017-05-22;2012-12-06;2018-04-24;2012-12-06;69385;3606;4,7965555845013865;45,75720429242745
E324;E324;108 Avenue Alexander Fleming;Caluire-et-Cuire;02761;;V101.0.OM;Col Nord-Ouest;COL VEOLIA;2017-03-20;2017-03-21;2018-04-24;;69034;3608;4,849101786452326;45,79396707877067
E262;E262;8 Avenue de la Division Leclerc;Vénissieux;20227;;V101.0.OM;Col Sud;COL VEOLIA;2017-03-20;2017-03-21;2018-04-24;;69259;3626;4,866277312055137;45,69823052706278
E334;E334;112 Avenue Alexander Fleming;Caluire-et-Cuire;02761;;V101.0.OM;Col Nord-Ouest;COL VEOLIA;2017-03-20;2017-03-21;2018-04-24;;69034;3648;4,848041659181353;45,79376287679371
E159;E159;4 Allée Jean Moulin;Givors;35170;;V101.0.OM;Col Sud;COL VEOLIA;2017-03-20;2015-05-13;2018-04-24;;69091;3653;4,7646397012873285;45,606127843762565
E635;E635;2 Rue Alfred de Musset;Villeurbanne;;;Z101.0.OM;Col Est;GPE;2017-05-22;2016-10-10;2018-04-24;;69266;3693;4,914272141438268;45,75641102251914
E193;E193;Chemin de Montlouis;Écully;06717;Face au N° 1;V101.0.OM;Col Nord-Ouest;NICOLLIN;2018-11-19;2018-11-21;2019-01-31;;69081;3681;4,78353179640275;45,79261688659978
E720;E720;2 Rue François Mansart;Saint-Priest;;;V101.0.OM;Col Est;COL GUERIN;2019-09-30;2019-11-12;2019-11-12;;69290;3734;4,946926277999459;45,690263338423755
E197;E197;20 Rue du Peronnet;Vernaison;20611;;V101.0.OM;Col Sud;COL VEOLIA;2019-05-02;2019-05-27;2021-06-23;2021-06-23;69260;3738;4,81440530514485;45,65180576886725
E143;E143;4 Rue Président Edouard Herriot;Vénissieux;20503;;V101.0.OM;Col Sud;COL VEOLIA;2017-03-20;2017-03-21;2018-04-24;;69259;3739;4,87682869237681;45,696037748233245
E710;E710;14 Rue François Mansart;Saint-Priest;;;V101.0.OM;Col Est;COL GUERIN;2019-09-30;2019-11-08;2019-11-12;;69290;3780;4,947209497929591;45,68902996179642
E128B;E128B;8 Rue Pierre Dugelay/face ch de parenty;Neuville-sur-Saône;;;V101.0.OM;Col Nord-Ouest;COL VEOLIA;2017-03-20;2017-03-21;2018-04-24;2013-02-22;69143;3787;4,841958183922753;45,87561531651356
E321;E321;102 Avenue Alexander Fleming;Caluire-et-Cuire;02761;;V101.0.OM;Col Nord-Ouest;COL VEOLIA;2017-03-20;2017-03-21;2018-08-09;2018-08-09;69034;3788;4,847768115798261;45,79463846458261
E790;E790;Rue Marcel Mérieux;Rillieux-la-Pape;37216;;V101.0.OM;Col Nord-Ouest;COL GUERIN;2023-04-14;2023-04-25;2023-04-25;;69286;3909;4,906965953309533;45,81528852738742
E131B;E131B;1 Place Ampère;Neuville-sur-Saône;11316;;V101.0.OM;Col Nord-Ouest;COL VEOLIA;2017-03-20;2017-03-21;2018-04-24;2013-02-26;69143;3951;4,8386151543757245;45,876539267314186
E256;E256;4 Avenue de la Division Leclerc;Vénissieux;20227;;V101.0.OM;Col Sud;COL VEOLIA;2017-03-20;2017-03-21;2018-04-24;2012-11-19;69259;3975;4,8662898790495595;45,69906889357842
E110B;E110B;2 Rue Marcel Cerdan;Lyon 9e Arrondissement;32104;haut de la rue;W101.0.OM;Col Nord-Ouest;COL VEOLIA;2017-05-22;2009-10-29;2018-04-24;2013-02-26;69389;3967;4,795020700835205;45,7883140400942
E458;E458;11 Rue du Peronnet;Vernaison;20611;;V101.0.OM;Col Sud;COL VEOLIA;2019-05-02;2019-05-27;2021-06-23;2021-06-23;69260;4007;4,81387576246303;45,652005352674536
E525;E525;12 Rue Paul Verlaine;Vénissieux;20502;;V101.0.OM;Col Sud;COL GUERIN;2021-02-15;2021-03-02;2021-03-02;;69259;4023;4,855118855522332;45,7240546958789
E303;E303;27 Avenue de la Division Leclerc;Vénissieux;20227;;V101.0.OM;Col Sud;COL VEOLIA;2017-03-20;2017-03-21;2018-04-24;;69259;4105;4,871041926884232;45,69379074977465
E141;E141;2 Rue Président Edouard Herriot;Vénissieux;20503;;V101.0.OM;Col Sud;COL VEOLIA;2017-03-20;2017-03-21;2018-04-24;;69259;4127;4,876840125152691;45,69611292036566
E257;E257;2 Avenue de la Division Leclerc;Vénissieux;20227;;V101.0.OM;Col Sud;COL VEOLIA;2017-03-20;2017-03-21;2018-04-24;2012-11-19;69259;4227;4,866929154622206;45,69881053686314
E107;E107;4 Rue Mouloudji;Lyon 9e Arrondissement;35275;;W101.0.OM;Col Nord-Ouest;COL VEOLIA;2017-05-22;2009-03-13;2018-04-24;2013-02-26;69389;4275;4,793650804630317;45,7871557856415
E397;E397;28 Avenue des Sources;Écully;06692;;V101.0.OM;Col Nord-Ouest;COL VEOLIA;2017-03-20;2017-03-21;2018-04-24;;69081;4281;4,784494698386649;45,79038678745784
E704;E704;110 Place Claude Farrère;Saint-Priest;;;V101.0.OM;Col Est;COL GUERIN;2019-09-30;2019-11-07;2019-11-12;;69290;4323;4,948675659658376;45,68916721683731
E632;E632;2 Rue Alfred de Musset;Villeurbanne;;;Z101.0.OM;Col Est;GPE;2017-05-22;2016-10-10;2018-04-24;;69266;4354;4,914162118816264;45,75638091335253
E488;E488;42 Avenue Rosa Parks;Lyon 9e Arrondissement;35641;;W101.0.OM;Col Nord-Ouest;COL GUERIN;2020-01-31;2020-02-05;2020-02-05;;69389;4367;4,789061958166565;45,786810106544515
E142;E142;4 Rue Président Edouard Herriot;Vénissieux;20503;;V101.0.OM;Col Sud;COL VEOLIA;2017-03-20;2017-03-21;2018-04-24;;69259;4391;4,876834471455809;45,696076682868885
E719;E719;2 Rue François Mansart;Saint-Priest;;;V101.0.OM;Col Est;COL GUERIN;2019-09-30;2019-11-12;2019-11-12;;69290;4423;4,946936914473839;45,690283076208715
E633;E633;2 Rue Alfred de Musset;Villeurbanne;;;Z101.0.OM;Col Est;GPE;2017-05-22;2016-10-10;2018-04-24;;69266;4438;4,914206773015787;45,756394595952166
E258;E258;2 Avenue de la Division Leclerc;Vénissieux;20227;;V101.0.OM;Col Sud;COL VEOLIA;2017-03-20;2017-03-21;2018-04-24;2012-11-19;69259;4446;4,866963448584807;45,69878806936417
E464;E464;253 Rue Clair Logis;Vernaison;20597;;V101.0.OM;Col Sud;COL VEOLIA;2019-05-02;2019-05-27;2021-06-23;2021-06-23;69260;4467;4,816537786735685;45,652305108099135
E529;E529;26 Rue Paul Verlaine;Vénissieux;20502;;V101.0.OM;Col Sud;COL GUERIN;2021-02-15;2021-03-01;2021-03-02;2021-03-02;69259;4482;4,856786373693052;45,72463998048209
E690;E690;Face au 18 Rue Yvonne Chanu;Villeurbanne;;;Z101.0.OM;Col Est;GPE;2019-06-01;2019-09-10;2020-06-12;2020-06-12;69266;4522;4,910421179420105;45,75291402962783
E343;E343;413 Rue Marius Donjon;Lyon 9e Arrondissement;32106;;W101.0.OM;Col Nord-Ouest;COL VEOLIA;2017-05-22;2013-06-28;2020-08-20;2020-08-20;69389;4503;4,788231678127882;45,78697068409387
E358;E358;22 Avenue des Sources;Écully;06692;;V101.0.OM;Col Nord-Ouest;COL VEOLIA;2017-03-20;2017-03-21;2018-04-24;;69081;4548;4,785342431152353;45,789054580708275
E396;E396;28 Avenue des Sources;Écully;06692;;V101.0.OM;Col Nord-Ouest;COL VEOLIA;2017-03-20;2017-03-21;2018-04-24;;69081;4575;4,7845147957142595;45,79035443945439
E696;E696;Entree Place Claude Farrere;Saint-Priest;;;V101.0.OM;Col Est;COL GUERIN;2019-09-30;2019-11-07;2019-11-12;;69290;4591;4,948673016724093;45,688452237470635
E643;E643;38 Avenue Rosa Parks;Lyon 9e Arrondissement;35641;;W101.0.OM;Col Nord-Ouest;COL VEOLIA;2017-05-22;2017-02-07;2020-08-20;2020-08-20;69389;4605;4,790062871919561;45,786801406584544
E117;E117;17 Avenue du Plateau;Lyon 9e Arrondissement;32100;tour panoramique 1;W101.0.OM;Col Nord-Ouest;COL VEOLIA;2017-05-22;2010-04-22;2018-04-24;2013-02-22;69389;4612;4,79450957548057;45,78383036571375
E154;E154;9 Allée Jean Moulin;Givors;35170;;V101.0.OM;Col Sud;COL VEOLIA;2017-03-20;2015-05-13;2023-09-29;2023-09-29;69091;1205;4,764161941055645;45,60508151214646
E403;E403;30/32 Chemin des sources ;Écully;;allées 30/32;V101.0.OM;Col Nord-Ouest;COL VEOLIA;2017-03-20;2017-03-21;2018-04-24;;69081;70;4,785403889422236;45,79127933141283
E289;E289;4 Rue Victor Schoelcher;Lyon 9e Arrondissement;33721;devant gymnase Diagana;W101.0.OM;Col Nord-Ouest;COL VEOLIA;2017-05-22;2013-01-22;2020-08-20;2020-08-20;69389;205;4,7953256805462585;45,787398476141874
E123A;E123A;37 Rue Seignemartin;Lyon 8e Arrondissement;28914;Implantation Face N°78;Z101.0.OM;Col Sud;COL GUERIN;2017-05-22;2010-10-27;2021-12-06;2021-12-06;69388;247;4,88197975356615;45,738343478978614
E669;E669;118-120 Rue Léon Blum;Villeurbanne;;interieur batiment;Z101.0.OM;Col Est;GPE;2019-07-01;2019-09-09;2019-09-09;;69266;309;4,901851446210201;45,76022569212945
E617;E617;205 Rue Marcel Cerdan;Lyon 9e Arrondissement;32104;;W101.0.OM;Col Nord-Ouest;COL VEOLIA;2017-05-22;2016-08-26;2020-08-20;2020-08-20;69389;361;4,793970228714315;45,7885291987398
E410;E410;16 Impasse du Moulin Carron;Écully;;allées 8 à 22 "Le Haut Pérollier";V101.0.OM;Col Nord-Ouest;COL VEOLIA;2017-03-20;2017-03-21;2021-08-11;2021-08-11;69081;376;4,780996072053615;45,79206462607097
E121;E121;Rue Thomas Blanchet  / Batiment A SACVL;Lyon 8e Arrondissement;;Implantation Face N°35;Z101.0.OM;Col Sud;COL GUERIN;2017-05-22;2010-10-27;2021-12-06;;69388;418;4,883238704181906;45,737654293100846
E512;E512;13 Rue Albert Jacquard;Lyon 9e Arrondissement;36523;Face Rue BERTHAUD;W101.0.OM;Col Nord-Ouest;COL GUERIN;2020-07-31;2020-08-03;2020-08-20;2020-08-20;69389;422;4,79363415245179;45,78431784177591
E124;E124;Rue Laennec / Batiment G SACVL;Lyon 8e Arrondissement;;Implantation a coté  N°70;Z101.0.OM;Col Sud;COL GUERIN;2017-05-22;2010-10-27;2021-12-06;;69388;443;4,882738833931625;45,73922259167408
E409;E409;16 Impasse du Moulin Carron;Écully;06781;allées 8 à 22 "Le Haut Pérollier";V101.0.OM;Col Nord-Ouest;COL VEOLIA;2017-03-20;2017-03-21;2021-08-11;2021-08-11;69081;449;4,781013720264987;45,79209607507348
E364;E364;4 Avenue des Sources;Écully;06692;allées 2/4/6/8;V101.0.OM;Col Nord-Ouest;COL VEOLIA;2017-03-20;2017-03-21;2018-04-24;;69081;530;4,787441048304043;45,78951923579372
E522;E522;8 Rue Paul Verlaine;Vénissieux;20502;;V101.0.OM;Col Sud;COL GUERIN;2021-02-15;2021-03-01;2021-03-02;2021-03-02;69259;598;4,85468826065149;45,723737790706586
E651;E651;4 Rue Victor Schoelcher;Lyon 9e Arrondissement;33721;Vers halle Diagana;W101.0.OM;Col Nord-Ouest;COL VEOLIA;2017-07-10;2017-07-11;2020-08-20;2020-08-20;69389;671;4,795324199578027;45,78737331729699
E127B;E127B;2 Rue Lucie Guimet;Neuville-sur-Saône;11358;angle Victor Hugo;V101.0.OM;Col Nord-Ouest;COL VEOLIA;2017-03-20;2017-03-21;2018-04-24;2013-02-26;69143;685;4,841416545960226;45,87668323477484
E365;E365;4 Avenue des Sources;Écully;06692;allées 2/4/6/8;V101.0.OM;Col Nord-Ouest;COL VEOLIA;2017-03-20;2017-03-21;2018-04-24;;69081;703;4,787459136774894;45,789527267806044
E284;E284;42 Avenue Rosa Parks;Lyon 9e Arrondissement;35641;face au 42 (sur terre-plein);W101.0.OM;Col Nord-Ouest;COL VEOLIA;2017-05-22;2013-01-04;2020-08-20;2020-08-20;69389;765;4,789183521425543;45,78672536918589
E122;E122;Rue Thomas Blanchet / Batiment (A) SACVL;Lyon 8e Arrondissement;;Implantation Face au N°41;Z101.0.OM;Col Sud;COL GUERIN;2017-05-22;2010-10-27;2021-12-06;;69388;906;4,882871941775643;45,73809296770381
E494;E494;4 Rue Jorge Semprun;Vénissieux;36069;Face 5-7 rue Jorge Semprun;V101.0.OM;Col Sud;COL GUERIN;2020-11-16;2020-11-23;2023-05-23;2023-05-23;69259;1015;4,870970710896802;45,694979424094065
E668;E668;118-120 Rue Léon Blum;Villeurbanne;;interieur batiment;Z101.0.OM;Col Est;GPE;2019-07-01;2019-09-09;2019-09-09;;69266;996;4,901817898348056;45,76022290839402
E390;E390;24 Avenue des Sources;Écully;06692;allées 24/26;V101.0.OM;Col Nord-Ouest;COL VEOLIA;2017-03-20;2017-03-21;2018-04-24;;69081;1102;4,785150210011581;45,78973830025082
E129;E129;Rue Pierre Dugelay(rond point);Neuville-sur-Saône;;rond point;V101.0.OM;Col Nord-Ouest;COL VEOLIA;2017-03-20;2017-03-21;2018-04-24;2013-02-26;69143;1113;4,8395105787378165;45,874962208472226
E120;E120;Rue de Jéricho;Lyon 9e Arrondissement;35643;Angle Av. du Plateau;W101.0.OM;Col Nord-Ouest;COL VEOLIA;2017-05-22;2010-05-07;2020-08-20;2020-08-20;69389;1138;4,795110386882285;45,78491588847052
E497;E497;4 Rue Jean Chevailler;Vénissieux;20454;6 Rue Jean Chevailler;V101.0.OM;Col Sud;COL GUERIN;2021-02-15;2021-03-01;2021-03-02;2021-03-02;69259;1292;4,855284201671437;45,72468966091896
E127;E127;2 Rue Lucie Guimet;Neuville-sur-Saône;11358;angle Victor Hugo;V101.0.OM;Col Nord-Ouest;COL VEOLIA;2017-03-20;2017-03-21;2018-04-24;2013-02-26;69143;1310;4,841404600329747;45,876664327717016
E532;E532;17 Rue Paul Verlaine;Vénissieux;20502;26 Rue Paul Verlaine;V101.0.OM;Col Sud;COL GUERIN;2021-02-15;2021-03-01;2021-03-02;2021-03-02;69259;1358;4,856779510523186;45,724649865977824
E388;E388;24 Avenue des Sources;Écully;06692;allées 24/26;V101.0.OM;Col Nord-Ouest;COL VEOLIA;2017-03-20;2017-03-21;2018-04-24;;69081;1431;4,785068132688893;45,78970508930744
E400;E400;30/32 Chemin des sources ;Écully;;allées 30/32;V101.0.OM;Col Nord-Ouest;COL VEOLIA;2017-03-20;2017-03-21;2018-04-24;;69081;1432;4,7852762003524925;45,791251764377975
E794;E794;4 Rue Georges Charpak;Vénissieux;36068;Face au 4 rue Georges Charpak;V101.0.OM;Col Sud;COL VEOLIA;2023-05-17;2023-05-23;2023-05-23;2023-05-23;69259;1451;4,8708246574331495;45,69531780814664
E659;E659;Cours Rouget de Lisle;Rillieux-la-Pape;;Face au N°22 (N° 50 Rouget de l'Isle);V101.0.OM;Col Nord-Ouest;NICOLLIN;2019-02-02;2019-05-27;2021-01-14;2021-01-14;69286;1568;4,906055413021304;45,81468954021603
E623;E623;20 Avenue de Champagne;Lyon 9e Arrondissement;32371;;W101.0.OM;Col Nord-Ouest;COL VEOLIA;2017-05-22;2016-08-26;2020-08-20;2020-08-20;69389;1648;4,794073967004791;45,78906023909489
E170;E170;Rue de Bouteiller;Grigny;34998;Parking devant le n°27;V101.0.OM;Col Sud;COL VEOLIA;2017-12-18;2018-01-02;2018-04-24;;69096;1657;4,79223291587807;45,6085629751988
E124A;E124A;Rue Laennec / Batiment G SACVL;Lyon 8e Arrondissement;;Implantation a coté N°70 ;Z101.0.OM;Col Sud;COL GUERIN;2017-05-22;2010-10-27;2021-12-06;;69388;1732;4,882776807281835;45,73924036242849
E110;E110;2 Rue Marcel Cerdan;Lyon 9e Arrondissement;32104;haut de la rue;W101.0.OM;Col Nord-Ouest;COL VEOLIA;2017-05-22;2009-10-29;2018-04-24;2013-02-26;69389;1763;4,794987101244917;45,78831648604902
E618;E618;204 Rue Marcel Cerdan;Lyon 9e Arrondissement;32104;;W101.0.OM;Col Nord-Ouest;COL VEOLIA;2017-05-22;2016-08-26;2020-08-20;2020-08-20;69389;1793;4,794003523199264;45,78857112643222
E624;E624;20 Avenue de Champagne;Lyon 9e Arrondissement;32371;;W101.0.OM;Col Nord-Ouest;COL VEOLIA;2017-05-22;2016-08-26;2020-08-20;2020-08-20;69389;1877;4,794103747954108;45,78907626324231
E318;E318;6 Allée Turba Choux;Caluire-et-Cuire;02758;vers 101 Fleming;V101.0.OM;Col Nord-Ouest;COL VEOLIA;2017-03-20;2017-03-21;2018-08-09;2018-08-09;69034;1888;4,847371593060108;45,79465969801183
E401;E401;30/32 Chemin des sources ;Écully;;allées 30/32;V101.0.OM;Col Nord-Ouest;COL VEOLIA;2017-03-20;2017-03-21;2018-04-24;;69081;1926;4,785315243048625;45,791261008915505
E614;E614;204 Rue Marcel Cerdan;Lyon 9e Arrondissement;32104;;W101.0.OM;Col Nord-Ouest;COL VEOLIA;2017-05-22;2016-08-26;2020-08-20;2020-08-20;69389;1927;4,793976594973662;45,78857652606532
E136;E136;3 Rue Victor Schoelcher;Lyon 9e Arrondissement;33721;devant Simply Market;W101.0.OM;Col Nord-Ouest;COL VEOLIA;2017-05-22;2011-05-26;2018-04-24;2013-02-26;69389;1949;4,795103380738963;45,78680203188555
E148;E148;29 Rue Pierre Dupont;Couzon-au-Mont-d'Or;05764;Vers la poste;V101.0.OM;Col Nord-Ouest;COL VEOLIA;2017-03-20;2017-03-21;2018-04-24;2013-02-26;69068;2031;4,829368415125529;45,8450354011873
E121A;E121A;Rue Thomas Blanchet / Batiment A SACVL;Lyon 8e Arrondissement;;Implantation Face au N°35;Z101.0.OM;Col Sud;COL GUERIN;2017-05-22;2010-10-27;2021-12-06;;69388;2042;4,883209137921796;45,73768763847928
E372;E372;54/56 Chemin des sources ;Écully;;allées 54/56;V101.0.OM;Col Nord-Ouest;COL VEOLIA;2017-03-20;2017-03-21;2018-04-24;;69081;2095;4,7869195984568345;45,791005670673535
E147;E147;29 Rue Pierre Dupont;Couzon-au-Mont-d'Or;05764;Vers la Poste;V101.0.OM;Col Nord-Ouest;COL VEOLIA;2017-03-20;2017-03-21;2018-04-24;2013-02-26;69068;2133;4,829338333439353;45,84502814675339
E283;E283;36 Avenue Rosa Parks;Lyon 9e Arrondissement;35641;Sur ilot central;W101.0.OM;Col Nord-Ouest;COL VEOLIA;2017-05-22;2013-01-04;2020-08-20;2020-08-20;69389;2149;4,790231883719305;45,786718396000595
E129B;E129B;Rue Pierre Dugelay(rond point);Neuville-sur-Saône;;rond point;V101.0.OM;Col Nord-Ouest;COL VEOLIA;2017-03-20;2017-03-21;2018-04-24;2013-02-26;69143;2199;4,839547980317657;45,874931761594645
E665;E665;Face au188 Rue Yvonne Chanu;Villeurbanne;;interieur batiment;Z101.0.OM;Col Est;GPE;2019-06-01;2019-09-09;2020-05-12;2020-05-12;69266;2159;4,91027498074459;45,7521791696162
E796;E796;10 Rue Georges Charpak;Vénissieux;36068;6/8 Rue Georges Charpak;V101.0.OM;Col Sud;COL VEOLIA;2018-10-31;2023-05-23;2023-07-10;2023-05-23;69259;2355;4,871819783114945;45,694714969641545
E120B;E120B;Rue de Jéricho;Lyon 9e Arrondissement;35643;Angle Av. du Plateau;W101.0.OM;Col Nord-Ouest;COL VEOLIA;2017-05-22;2010-05-07;2020-08-20;2020-08-20;69389;2380;4,795079153623529;45,78491845106728
E411;E411;16 Impasse du Moulin Carron;Écully;06781;allées 8 à 22 "Le Haut Pérollier";V101.0.OM;Col Nord-Ouest;COL VEOLIA;2017-03-20;2017-03-21;2021-08-11;2021-08-11;69081;2396;4,781023599235059;45,79207497474084
E377;E377;36 Chemin de Montlouis;Écully;06717;allées 54/56;V101.0.OM;Col Nord-Ouest;COL VEOLIA;2017-03-20;2017-03-21;2018-04-24;;69081;2424;4,783716026441906;45,79257974683794
E129C;E129C;Rue Pierre Dugelay(rond point);Neuville-sur-Saône;;rond point;V101.0.OM;Col Nord-Ouest;COL VEOLIA;2017-03-20;2017-03-21;2018-04-24;2013-02-26;69143;2442;4,839566799398565;45,874892277852375
E362;E362;12 Avenue des Sources;Écully;06692;allées 10 et 12;V101.0.OM;Col Nord-Ouest;COL VEOLIA;2017-03-20;2017-03-21;2018-04-24;;69081;2465;4,786441919968468;45,789084792638064
E441;E441;39 Rue Rey Loras;Neuville-sur-Saône;11366;Dans la Résidence Montribloud;V101.0.OM;Col Nord-Ouest;COL VEOLIA;2017-03-20;2017-03-21;2018-04-24;2018-02-27;69143;2501;4,836754883444416;45,88768960968638
E513;E513;13 Rue Albert Jacquard;Lyon 9e Arrondissement;36523;Face Rue BERTHAUD;W101.0.OM;Col Nord-Ouest;COL GUERIN;2020-07-31;2020-08-03;2020-08-20;2020-08-20;69389;2536;4,793638992388549;45,784349707659786
E419;E419;52 Avenue Rosa Parks;Lyon 9e Arrondissement;35641;Sur ilot central;W101.0.OM;Col Nord-Ouest;COL VEOLIA;2017-05-22;2014-11-14;2020-08-20;2020-08-20;69389;2554;4,7878234292956865;45,78673060890898
E169;E169;7 Rue André Mayer;Grigny;34996;Devant la médiathèque;V101.0.OM;Col Sud;COL VEOLIA;2017-12-18;2018-01-02;2018-04-24;;69096;2625;4,791669214313698;45,609122494796964
E132;E132;10 Avenue Rosa Parks;Lyon 9e Arrondissement;35641;repère carto SITA 3;W101.0.OM;Col Nord-Ouest;COL VEOLIA;2017-05-22;2011-05-26;2018-04-24;2014-02-14;69389;2718;4,794268283622178;45,78661157215152
E373;E373;54/56 Chemin des sources ;Écully;;allées 54/56;V101.0.OM;Col Nord-Ouest;COL VEOLIA;2017-03-20;2017-03-21;2018-04-24;;69081;2744;4,786943462745129;45,791008414579686
E412;E412;14 Impasse du Moulin Carron;Écully;;allées 8 à 22 "Le Haut Pérollier";V101.0.OM;Col Nord-Ouest;COL VEOLIA;2017-03-20;2017-03-21;2021-08-11;2021-08-11;69081;2771;4,781045795248855;45,79208154939951
E376;E376;36 Chemin de Montlouis;Écully;06717;allées 36/38;V101.0.OM;Col Nord-Ouest;COL VEOLIA;2017-03-20;2017-03-21;2018-04-24;;69081;2781;4,7837580385988545;45,79257169591773
E317;E317;6 Allée Turba Choux;Caluire-et-Cuire;02758;vers n°101 Fleming;V101.0.OM;Col Nord-Ouest;COL VEOLIA;2017-03-20;2017-03-21;2018-08-09;2018-08-09;69034;2904;4,847396560329155;45,79467615292493
E496;E496;4 Rue Jean Chevailler;Vénissieux;20454;6 Rue Jean Chevailler;V101.0.OM;Col Sud;COL GUERIN;2021-02-15;2021-03-01;2021-03-02;2021-03-02;69259;2914;4,855305041294707;45,72465757145623
E122A;E122A;Rue Thomas Blanchet / Batiment (A) SACVL;Lyon 8e Arrondissement;;Implantation Face N°41;Z101.0.OM;Col Sud;COL GUERIN;2017-05-22;2010-10-27;2021-12-06;;69388;2923;4,88283492089466;45,73813467351513
E726;E726;Avenue Général Leclerc;Rillieux-la-Pape;;Angle Rue Marcel Mérieux;V101.0.OM;Col Nord-Ouest;COL GUERIN;2019-12-18;2020-01-07;2021-01-14;2021-01-14;69286;2989;4,905772069773772;45,8154884888091
E440;E440;39 Rue Rey Loras;Neuville-sur-Saône;11366;Dans la Résidence Montribloud;V101.0.OM;Col Nord-Ouest;COL VEOLIA;2017-03-20;2017-03-21;2018-04-24;2018-02-27;69143;3031;4,836752519978594;45,88769773071405
E112;E112;16 Avenue Rosa Parks;Lyon 9e Arrondissement;35641;repère carto SITA 4;W101.0.OM;Col Nord-Ouest;COL VEOLIA;2017-05-22;2009-10-29;2018-04-24;2014-02-14;69389;3073;4,793542807199357;45,786671150673214
E523;E523;8 Rue Paul Verlaine;Vénissieux;20502;;V101.0.OM;Col Sud;COL GUERIN;2021-02-15;2021-03-01;2021-03-02;2021-03-02;69259;3144;4,854681461220883;45,723804282320565
E371;E371;54/56 Chemin des sources ;Écully;;allées 54/56;V101.0.OM;Col Nord-Ouest;COL VEOLIA;2017-03-20;2017-03-21;2018-04-24;;69081;3278;4,786904546612771;45,790999669914726
E109;E109;5 Rue Marcel Cerdan;Lyon 9e Arrondissement;32104;bas de la rue;W101.0.OM;Col Nord-Ouest;COL VEOLIA;2017-05-22;2009-10-29;2020-08-20;2020-08-20;69389;3453;4,793815639916299;45,788333258174426
E402;E402;30/32 ch des sources ;Écully;;allées 30/32;V101.0.OM;Col Nord-Ouest;COL VEOLIA;2017-03-20;2017-03-21;2018-04-24;;69081;3573;4,785354206824986;45,79126779046575
E616;E616;204 Rue Marcel Cerdan;Lyon 9e Arrondissement;32104;;W101.0.OM;Col Nord-Ouest;COL VEOLIA;2017-05-22;2016-08-26;2020-08-20;2020-08-20;69389;3643;4,793972349952022;45,788544974828405
E194;E194;Chemin de Montlouis;Écully;06717;Face au N°15;V101.0.OM;Col Nord-Ouest;NICOLLIN;2018-11-19;2018-11-21;2019-01-31;;69081;3657;4,785125948876715;45,792286368813556
E391;E391;24 Avenue des Sources;Écully;06692;allées 24/26;V101.0.OM;Col Nord-Ouest;COL VEOLIA;2017-03-20;2017-03-21;2018-04-24;;69081;3687;4,785193087946675;45,789757340618486
E498;E498;4 Rue Jean Chevailler;Vénissieux;20454;6 Rue Jean Chevailler;V101.0.OM;Col Sud;COL GUERIN;2021-02-15;2021-03-01;2021-03-02;2021-03-02;69259;3697;4,8553750302972825;45,72466055689229
E499;E499;4 Rue Jean Chevailler;Vénissieux;20454;6 Rue Jean Chevailler;V101.0.OM;Col Sud;COL GUERIN;2021-02-15;2021-03-01;2021-03-02;2021-03-02;69259;3800;4,855346844769785;45,7246937823733
E404;E404;30/32 Chemin des sources ;Écully;;allées 30/32;V101.0.OM;Col Nord-Ouest;COL VEOLIA;2017-03-20;2017-03-21;2018-04-24;;69081;3817;4,785449894727823;45,79128600249093
E125;E125;Place verdun;Neuville-sur-Saône;;Place de Verdun;V101.0.OM;Col Nord-Ouest;COL VEOLIA;2017-03-20;2017-03-21;2018-04-24;2013-02-26;69143;4103;4,838718465217241;45,877149239733974
E389;E389;24 Avenue des Sources;Écully;06692;allées 24/26;V101.0.OM;Col Nord-Ouest;COL VEOLIA;2017-03-20;2017-03-21;2018-04-24;;69081;4125;4,7851074109964;45,78972172194199
E106;E106;582 Allée de la Sauvegarde;Lyon 9e Arrondissement;35335;LA DUCHERE;W101.0.OM;Col Nord-Ouest;COL VEOLIA;2017-05-22;2008-07-21;2018-04-24;2013-02-22;69389;4137;4,788694402337776;45,78960410450989
E187;E187;11 Avenue de Gadagne;Saint-Genis-Laval;15620;;V101.0.OM;Col Sud;COL VEOLIA;2019-02-01;2019-01-28;2022-01-25;;69204;4207;4,793545389850648;45,70152081177833
E116;E116;17 Avenue du Plateau;Lyon 9e Arrondissement;32100;Tour panoramique 1;W101.0.OM;Col Nord-Ouest;COL VEOLIA;2017-05-22;2010-03-09;2018-04-24;2013-02-22;69389;4214;4,794506920811108;45,78380837088626
E442;E442;39 Rue Rey Loras;Neuville-sur-Saône;11366;Dans la Résidence Montribloud;V101.0.OM;Col Nord-Ouest;COL VEOLIA;2017-03-20;2017-03-21;2018-04-24;2018-02-27;69143;4249;4,836757306229537;45,8876833237166
E106B;E106B;582 Allée de la Sauvegarde;Lyon 9e Arrondissement;35335;LA DUCHERE DOUBLAGE;W101.0.OM;Col Nord-Ouest;COL VEOLIA;2017-05-22;2008-07-21;2018-04-24;2013-02-22;69389;4269;4,7887376065432;45,78956022625826
E133;E133;4 Avenue Rosa Parks;Lyon 9e Arrondissement;35641;repère carto SITA 2;W101.0.OM;Col Nord-Ouest;COL VEOLIA;2017-05-22;2011-05-26;2018-04-24;2014-02-14;69389;4276;4,794591787707569;45,786589405379466
E408;E408;16 Impasse du Moulin Carron;Écully;;allées 8 à 22 "Le Haut Pérollier";V101.0.OM;Col Nord-Ouest;COL VEOLIA;2017-03-20;2017-03-21;2021-08-11;2021-08-11;69081;4286;4,780987986371401;45,79209063126247
E299;E299;1 Avenue du 8 Mai 1945;Vénissieux;20232;vers n°2;V101.0.OM;Col Sud;COL VEOLIA;2017-03-20;2017-03-21;2023-05-23;2023-05-23;69259;4396;4,873061945040016;45,694790259340394
E622;E622;20 Avenue de Champagne;Lyon 9e Arrondissement;32371;;W101.0.OM;Col Nord-Ouest;COL VEOLIA;2017-05-22;2016-08-26;2020-08-20;2020-08-20;69389;4403;4,7941023002534;45,789056675811885
E119;E119;5 Rue de Jéricho;Lyon 9e Arrondissement;35643;milieu de la rue;W101.0.OM;Col Nord-Ouest;COL VEOLIA;2017-05-22;2010-05-07;2020-08-20;2020-08-20;69389;4435;4,795614445494832;45,78522631995395
E115;E115;4 Rue Françoise Giroud;Lyon 9e Arrondissement;35646;angle avenue du Plateau;W101.0.OM;Col Nord-Ouest;COL VEOLIA;2017-05-22;2010-02-09;2020-08-20;2020-08-20;69389;4462;4,794627726620442;45,78495514920421
E123;E123;37 Rue Seignemartin;Lyon 8e Arrondissement;28914;Implantation Face N°76;Z101.0.OM;Col Sud;COL GUERIN;2017-05-22;2010-10-27;2021-12-06;2021-12-06;69388;4509;4,882018008188166;45,73829458516792
